{"cameraMode":{"drawMode":0,"name":"Shaded","section":"Shading Mode"},"sceneLighting":true,"audioPlay":false,"sceneViewState":{"m_AlwaysRefresh":false,"showFog":true,"showSkybox":true,"showFlares":true,"showImageEffects":true,"showParticleSystems":true,"showVisualEffectGraphs":true,"m_FxEnabled":true},"in2DMode":false,"pivot":{"x":-1.2918773889541627,"y":3.47301983833313,"z":-6.280752182006836},"rotation":{"x":-0.05872581899166107,"y":0.041330382227897647,"z":-0.0024264550302177669,"w":-0.9974278807640076},"size":4.592885971069336,"orthographic":false}